CustomerID,Lookalikes
C0001,"[('C0001', 0.9999999999999999), ('C0001', 0.9999999999999999), ('C0001', 0.9999999999999999)]"
C0002,"[('C0002', 0.9999999999999999), ('C0002', 0.9999999999999999), ('C0004', 0.9999999999999999)]"
C0003,"[('C0002', 1.0), ('C0003', 1.0), ('C0003', 1.0)]"
C0004,"[('C0004', 1.0000000000000002), ('C0004', 1.0000000000000002), ('C0005', 1.0000000000000002)]"
